<?xml version="1.0" encoding="utf-8"?>
<resources>
    <string-array name="modes">
        <item>RFID</item>
        <item>Manual</item>
        <item>Números</item>
        <item>Colores</item>
    </string-array>
    <color name="accent">#FF5252</color>
    <color name="background">#F5F5F5</color>
    <color name="btn_brightness">#FDD835</color>
    <color name="btn_logout">#D32F2F</color>
    <color name="btn_next">#2196F3</color>
    <color name="btn_pause">#FFC107</color>
    <color name="btn_play">#4CAF50</color>
    <color name="btn_previous">#9C27B0</color>
    <color name="btn_volume_down">#00BCD4</color>
    <color name="btn_volume_up">#FF5722</color>
    <color name="card_background">#FFFFFF</color>
    <color name="color_amarillo">#FFFF00</color>
    <color name="color_azul">#0000FF</color>
    <color name="color_cyan">#00FFFF</color>
    <color name="color_magenta">#FF00FF</color>
    <color name="color_rojo">#FF0000</color>
    <color name="color_verde">#00FF00</color>
    <color name="device_offline">#9E9E9E</color>
    <color name="device_online">#4CAF50</color>
    <color name="error">#F44336</color>
    <color name="info">#2196F3</color>
    <color name="paused">#FFC107</color>
    <color name="playing">#4CAF50</color>
    <color name="primary">#8B0000</color>
    <color name="primary_dark">#660000</color>
    <color name="success">#4CAF50</color>
    <color name="surface">#EEEEEE</color>
    <color name="text_primary">#1A1A1A</color>
    <color name="text_secondary">#666666</color>
    <color name="warning">#FFC107</color>
    <string name="app_name">S.Embebidos</string>
    <string name="bienvenido">¡Bienvenido!</string>
    <string name="brightness_format">%d%%</string>
    <string name="brillo">Brillo</string>
    <string name="brillo_cambiado">Brillo: %d%%</string>
    <string name="btn_change_mode">Cambiar Modo</string>
    <string name="btn_logout">Cerrar Sesión</string>
    <string name="conectado">Conectado</string>
    <string name="conectando">Conectando...</string>
    <string name="conectar">Conectar</string>
    <string name="cuenta_creada">¡Cuenta creada exitosamente!</string>
    <string name="desconectar">Desconectar</string>
    <string name="email">Email</string>
    <string name="email_recuperacion">Email de recuperación enviado</string>
    <string name="error_brillo">Error al cambiar brillo: %s</string>
    <string name="error_conexion">Error al conectar</string>
    <string name="error_email_requerido">El email es requerido</string>
    <string name="error_modo">Error al cambiar modo: %s</string>
    <string name="error_password_minimo">La contraseña debe tener al menos 6 caracteres</string>
    <string name="error_password_requerido">La contraseña es requerida</string>
    <string name="error_volumen">Error al cambiar volumen: %s</string>
    <string name="forgot_password">¿Olvidaste tu contraseña?</string>
    <string name="gcm_defaultSenderId" translatable="false">585234026632</string>
    <string name="google_api_key" translatable="false">AIzaSyDQY6i9misoXF6sDgsUb89T30pTkTZlO98</string>
    <string name="google_app_id" translatable="false">1:585234026632:android:a661c513a4c2610e494f3d</string>
    <string name="google_crash_reporting_api_key" translatable="false">AIzaSyDQY6i9misoXF6sDgsUb89T30pTkTZlO98</string>
    <string name="google_storage_bucket" translatable="false">storycube-e29ad.firebasestorage.app</string>
    <string name="label_brightness">Brillo</string>
    <string name="label_mode">Modo de Operación</string>
    <string name="label_volume">Volumen</string>
    <string name="login">Iniciar Sesión</string>
    <string name="login_title">Bienvenido a StoryCube</string>
    <string name="modo_cambiado">Modo cambiado a: %s</string>
    <string name="modo_colores">Colores</string>
    <string name="modo_manual">Manual</string>
    <string name="modo_numeros">Números</string>
    <string name="modo_rfid">RFID</string>
    <string name="nav_biblioteca">Biblioteca</string>
    <string name="nav_historial">Historial</string>
    <string name="nav_home">Inicio</string>
    <string name="nav_llaveros">Llaveros</string>
    <string name="next">Siguiente</string>
    <string name="password">Contraseña</string>
    <string name="pause">Pausar</string>
    <string name="play">Reproducir</string>
    <string name="prev">Anterior</string>
    <string name="project_id" translatable="false">storycube-e29ad</string>
    <string name="register">Registrarse</string>
    <string name="sesion_cerrada">Sesión cerrada</string>
    <string name="sin_conexion">Sin conexión</string>
    <string name="title_main">StoryCube Control</string>
    <string name="volume_format">%d%%</string>
    <string name="volumen">Volumen</string>
    <string name="volumen_cambiado">Volumen: %d%%</string>
    <style name="Base.Theme.SEmbebidos" parent="Theme.Material3.DayNight.NoActionBar">
        
        
    </style>
    <style name="Theme.SEmbebidos" parent="Base.Theme.SEmbebidos"/>
</resources>