<?xml version="1.0" encoding="utf-8"?>
<merger version="3"><dataSet aapt-namespace="http://schemas.android.com/apk/res-auto" config="main$Generated" generated="true" ignore_pattern="!.svn:!.git:!.ds_store:!*.scc:.*:&lt;dir>_*:!CVS:!thumbs.db:!picasa.ini:!*~"><source path="C:\Users\sebas\Documents\SEmbebidos\app\src\main\res"/></dataSet><dataSet aapt-namespace="http://schemas.android.com/apk/res-auto" config="main" generated-set="main$Generated" ignore_pattern="!.svn:!.git:!.ds_store:!*.scc:.*:&lt;dir>_*:!CVS:!thumbs.db:!picasa.ini:!*~:!&lt;dir>navigation"><source path="C:\Users\sebas\Documents\SEmbebidos\app\src\main\res"><file name="ic_launcher_background" path="C:\Users\sebas\Documents\SEmbebidos\app\src\main\res\drawable\ic_launcher_background.xml" qualifiers="" type="drawable"/><file name="ic_launcher_foreground" path="C:\Users\sebas\Documents\SEmbebidos\app\src\main\res\drawable\ic_launcher_foreground.xml" qualifiers="" type="drawable"/><file name="seperfil" path="C:\Users\sebas\Documents\SEmbebidos\app\src\main\res\drawable\seperfil.jpg" qualifiers="" type="drawable"/><file name="activity_login" path="C:\Users\sebas\Documents\SEmbebidos\app\src\main\res\layout\activity_login.xml" qualifiers="" type="layout"/><file name="activity_main" path="C:\Users\sebas\Documents\SEmbebidos\app\src\main\res\layout\activity_main.xml" qualifiers="" type="layout"/><file name="activity_settings" path="C:\Users\sebas\Documents\SEmbebidos\app\src\main\res\layout\activity_settings.xml" qualifiers="" type="layout"/><file name="ic_launcher" path="C:\Users\sebas\Documents\SEmbebidos\app\src\main\res\mipmap-anydpi\ic_launcher.xml" qualifiers="anydpi-v4" type="mipmap"/><file name="ic_launcher_round" path="C:\Users\sebas\Documents\SEmbebidos\app\src\main\res\mipmap-anydpi\ic_launcher_round.xml" qualifiers="anydpi-v4" type="mipmap"/><file name="ic_launcher" path="C:\Users\sebas\Documents\SEmbebidos\app\src\main\res\mipmap-hdpi\ic_launcher.webp" qualifiers="hdpi-v4" type="mipmap"/><file name="ic_launcher_round" path="C:\Users\sebas\Documents\SEmbebidos\app\src\main\res\mipmap-hdpi\ic_launcher_round.webp" qualifiers="hdpi-v4" type="mipmap"/><file name="ic_launcher" path="C:\Users\sebas\Documents\SEmbebidos\app\src\main\res\mipmap-mdpi\ic_launcher.webp" qualifiers="mdpi-v4" type="mipmap"/><file name="ic_launcher_round" path="C:\Users\sebas\Documents\SEmbebidos\app\src\main\res\mipmap-mdpi\ic_launcher_round.webp" qualifiers="mdpi-v4" type="mipmap"/><file name="ic_launcher" path="C:\Users\sebas\Documents\SEmbebidos\app\src\main\res\mipmap-xhdpi\ic_launcher.webp" qualifiers="xhdpi-v4" type="mipmap"/><file name="ic_launcher_round" path="C:\Users\sebas\Documents\SEmbebidos\app\src\main\res\mipmap-xhdpi\ic_launcher_round.webp" qualifiers="xhdpi-v4" type="mipmap"/><file name="ic_launcher" path="C:\Users\sebas\Documents\SEmbebidos\app\src\main\res\mipmap-xxhdpi\ic_launcher.webp" qualifiers="xxhdpi-v4" type="mipmap"/><file name="ic_launcher_round" path="C:\Users\sebas\Documents\SEmbebidos\app\src\main\res\mipmap-xxhdpi\ic_launcher_round.webp" qualifiers="xxhdpi-v4" type="mipmap"/><file name="ic_launcher" path="C:\Users\sebas\Documents\SEmbebidos\app\src\main\res\mipmap-xxxhdpi\ic_launcher.webp" qualifiers="xxxhdpi-v4" type="mipmap"/><file name="ic_launcher_round" path="C:\Users\sebas\Documents\SEmbebidos\app\src\main\res\mipmap-xxxhdpi\ic_launcher_round.webp" qualifiers="xxxhdpi-v4" type="mipmap"/><file path="C:\Users\sebas\Documents\SEmbebidos\app\src\main\res\values\arrays.xml" qualifiers=""><string-array name="modes">
        <item>RFID</item>
        <item>Manual</item>
        <item>Números</item>
        <item>Colores</item>
    </string-array></file><file path="C:\Users\sebas\Documents\SEmbebidos\app\src\main\res\values\colors.xml" qualifiers=""><color name="primary">#8B0000</color><color name="primary_dark">#660000</color><color name="accent">#FF5252</color><color name="background">#F5F5F5</color><color name="surface">#EEEEEE</color><color name="card_background">#FFFFFF</color><color name="text_primary">#1A1A1A</color><color name="text_secondary">#666666</color><color name="color_rojo">#FF0000</color><color name="color_verde">#00FF00</color><color name="color_azul">#0000FF</color><color name="color_amarillo">#FFFF00</color><color name="color_magenta">#FF00FF</color><color name="color_cyan">#00FFFF</color><color name="success">#4CAF50</color><color name="error">#F44336</color><color name="warning">#FFC107</color><color name="info">#2196F3</color><color name="btn_play">#4CAF50</color><color name="btn_pause">#FFC107</color><color name="btn_next">#2196F3</color><color name="btn_previous">#9C27B0</color><color name="btn_volume_up">#FF5722</color><color name="btn_volume_down">#00BCD4</color><color name="btn_brightness">#FDD835</color><color name="btn_logout">#D32F2F</color><color name="device_online">#4CAF50</color><color name="device_offline">#9E9E9E</color><color name="playing">#4CAF50</color><color name="paused">#FFC107</color></file><file path="C:\Users\sebas\Documents\SEmbebidos\app\src\main\res\values\strings.xml" qualifiers=""><string name="app_name">S.Embebidos</string><string name="login_title">Bienvenido a StoryCube</string><string name="email">Email</string><string name="password">Contraseña</string><string name="login">Iniciar Sesión</string><string name="register">Registrarse</string><string name="forgot_password">¿Olvidaste tu contraseña?</string><string name="nav_home">Inicio</string><string name="nav_biblioteca">Biblioteca</string><string name="nav_llaveros">Llaveros</string><string name="nav_historial">Historial</string><string name="conectar">Conectar</string><string name="desconectar">Desconectar</string><string name="play">Reproducir</string><string name="pause">Pausar</string><string name="next">Siguiente</string><string name="prev">Anterior</string><string name="volumen">Volumen</string><string name="brillo">Brillo</string><string name="modo_rfid">RFID</string><string name="modo_manual">Manual</string><string name="modo_numeros">Números</string><string name="modo_colores">Colores</string><string name="title_main">StoryCube Control</string><string name="label_brightness">Brillo</string><string name="label_volume">Volumen</string><string name="label_mode">Modo de Operación</string><string name="btn_change_mode">Cambiar Modo</string><string name="btn_logout">Cerrar Sesión</string><string name="brightness_format">%d%%</string><string name="volume_format">%d%%</string><string name="conectando">Conectando...</string><string name="conectado">Conectado</string><string name="sin_conexion">Sin conexión</string><string name="error_conexion">Error al conectar</string><string name="sesion_cerrada">Sesión cerrada</string><string name="modo_cambiado">Modo cambiado a: %s</string><string name="brillo_cambiado">Brillo: %d%%</string><string name="volumen_cambiado">Volumen: %d%%</string><string name="error_brillo">Error al cambiar brillo: %s</string><string name="error_volumen">Error al cambiar volumen: %s</string><string name="error_modo">Error al cambiar modo: %s</string><string name="bienvenido">¡Bienvenido!</string><string name="cuenta_creada">¡Cuenta creada exitosamente!</string><string name="email_recuperacion">Email de recuperación enviado</string><string name="error_email_requerido">El email es requerido</string><string name="error_password_requerido">La contraseña es requerida</string><string name="error_password_minimo">La contraseña debe tener al menos 6 caracteres</string></file><file path="C:\Users\sebas\Documents\SEmbebidos\app\src\main\res\values\themes.xml" qualifiers=""><style name="Base.Theme.SEmbebidos" parent="Theme.Material3.DayNight.NoActionBar">
        
        
    </style><style name="Theme.SEmbebidos" parent="Base.Theme.SEmbebidos"/></file><file path="C:\Users\sebas\Documents\SEmbebidos\app\src\main\res\values-night\themes.xml" qualifiers="night-v8"><style name="Base.Theme.SEmbebidos" parent="Theme.Material3.DayNight.NoActionBar">
        
        
    </style></file><file name="backup_rules" path="C:\Users\sebas\Documents\SEmbebidos\app\src\main\res\xml\backup_rules.xml" qualifiers="" type="xml"/><file name="data_extraction_rules" path="C:\Users\sebas\Documents\SEmbebidos\app\src\main\res\xml\data_extraction_rules.xml" qualifiers="" type="xml"/><file name="activity_wifi_setup" path="C:\Users\sebas\Documents\SEmbebidos\app\src\main\res\layout\activity_wifi_setup.xml" qualifiers="" type="layout"/><file name="rounded_background" path="C:\Users\sebas\Documents\SEmbebidos\app\src\main\res\drawable\rounded_background.xml" qualifiers="" type="drawable"/></source></dataSet><dataSet aapt-namespace="http://schemas.android.com/apk/res-auto" config="debug$Generated" generated="true" ignore_pattern="!.svn:!.git:!.ds_store:!*.scc:.*:&lt;dir>_*:!CVS:!thumbs.db:!picasa.ini:!*~"><source path="C:\Users\sebas\Documents\SEmbebidos\app\src\debug\res"/></dataSet><dataSet aapt-namespace="http://schemas.android.com/apk/res-auto" config="debug" generated-set="debug$Generated" ignore_pattern="!.svn:!.git:!.ds_store:!*.scc:.*:&lt;dir>_*:!CVS:!thumbs.db:!picasa.ini:!*~:!&lt;dir>navigation"><source path="C:\Users\sebas\Documents\SEmbebidos\app\src\debug\res"/></dataSet><dataSet aapt-namespace="http://schemas.android.com/apk/res-auto" config="generated$Generated" generated="true" ignore_pattern="!.svn:!.git:!.ds_store:!*.scc:.*:&lt;dir>_*:!CVS:!thumbs.db:!picasa.ini:!*~"><source path="C:\Users\sebas\Documents\SEmbebidos\app\build\generated\res\resValues\debug"/><source path="C:\Users\sebas\Documents\SEmbebidos\app\build\generated\res\processDebugGoogleServices"/></dataSet><dataSet aapt-namespace="http://schemas.android.com/apk/res-auto" config="generated" generated-set="generated$Generated" ignore_pattern="!.svn:!.git:!.ds_store:!*.scc:.*:&lt;dir>_*:!CVS:!thumbs.db:!picasa.ini:!*~:!&lt;dir>navigation"><source path="C:\Users\sebas\Documents\SEmbebidos\app\build\generated\res\resValues\debug"/><source path="C:\Users\sebas\Documents\SEmbebidos\app\build\generated\res\processDebugGoogleServices"><file path="C:\Users\sebas\Documents\SEmbebidos\app\build\generated\res\processDebugGoogleServices\values\values.xml" qualifiers=""><string name="gcm_defaultSenderId" translatable="false">585234026632</string><string name="google_api_key" translatable="false">AIzaSyDQY6i9misoXF6sDgsUb89T30pTkTZlO98</string><string name="google_app_id" translatable="false">1:585234026632:android:a661c513a4c2610e494f3d</string><string name="google_crash_reporting_api_key" translatable="false">AIzaSyDQY6i9misoXF6sDgsUb89T30pTkTZlO98</string><string name="google_storage_bucket" translatable="false">storycube-e29ad.firebasestorage.app</string><string name="project_id" translatable="false">storycube-e29ad</string></file></source></dataSet><dataSet aapt-namespace="http://schemas.android.com/apk/res-auto" config="res-processDebugGoogleServices$Generated" generated="true" ignore_pattern="!.svn:!.git:!.ds_store:!*.scc:.*:&lt;dir>_*:!CVS:!thumbs.db:!picasa.ini:!*~"/><dataSet aapt-namespace="http://schemas.android.com/apk/res-auto" config="res-processDebugGoogleServices" generated-set="res-processDebugGoogleServices$Generated" ignore_pattern="!.svn:!.git:!.ds_store:!*.scc:.*:&lt;dir>_*:!CVS:!thumbs.db:!picasa.ini:!*~:!&lt;dir>navigation"/><mergedItems/></merger>